nfc_id,email
1,d9mn@lb7k7bd.com
2,62e11d3q@at2d.com
2,nji6t03551@26zpsm.com
3,fg0l@o98vr.com
4,h0pnwp@1vvec4a.com
4,0m5hz@tnsyzw.com
5,037t80mscz@dqmrrd.com
5,sgy2ml@wducqe8.com
6,ch12092a@8jxzr7eb.com
6,uglr@j2nle.com
7,kktsl@ump1.com
8,jw5qp1ip3@houk3.com
8,lt1sbuz30g@vsim1zk8.com
9,a7x37kf@09ugyw.com
10,38i4le73df@mtrt.com
10,fz8amz3s1@7l3foyr.com
11,db170rgz0@uf4v.com
12,riri8@ghnwj.com
13,j1tj5l@8eb9.com
14,bo7i8t@ojhoamvr.com
15,6gm9n0@gurlm1iw.com
15,o49wr5@f5n7vx.com
16,a9mj8@wlp6e39.com
17,xv6qj8lmmn@yaa0g2.com
17,8oozdp9@v8a8leek.com
18,4xiyv9@kt81u.com
18,gosf2z5z@ji0y7f6r.com
19,nmwfiimxin@jxf3yr.com
19,f4d0@sye1k3.com
20,2atq9z@23wsta.com
21,ww8a5@x1fcu.com
22,gai692@qywnt.com
23,xxv5@fq2jeu7a.com
23,d79t2e94@20cq.com
24,6rltpwl@0zcscowu.com
24,q2uvp@jsis4xl.com
25,uf5c8z@dhdkjh.com
25,0zhott@2aa8.com
26,h8ty6rt@ntf2ftc.com
26,1831@up3p.com
27,g3km@6heqged9.com
28,y6xmad6dow@dl9z1x.com
29,c5qayy95q2@tofi.com
30,09omcgj0@wig6.com
31,s2ev8yy0e@1nki.com
32,dyg5034b4@1dnosdk.com
33,2hrac6@9tnkmr.com
34,d82clz@kom9.com
34,rvbxsllz44@dzff.com
35,3yqw@s4uudeu9.com
36,ic3tyu@hjvjblj.com
37,woe6@yrfcbx.com
38,usbj8u@27dq.com
38,bhpqcy9w@7f710m.com
39,4mczmolvmx@y5uxi.com
39,p8r72@o2nqrg.com
40,pcswtn2u@o41x.com
41,ytmf2hu@8rvg6f.com
42,nb8ed9d@cn2f4p.com
43,h5uo@cizo3r50.com
44,lni0ha@4jdiaf.com
45,l042fqot@3l88ux.com
45,o5n9b9bfws@xh0n50.com
46,s96bu8xza@j7jb3.com
46,olz627@b9xfbjx0.com
47,s5p6i1xfj@fdi3.com
48,9raaem1f1s@5kd2f8.com
49,618b8s6@wjly8ogo.com
50,era57@ui27fmvj.com
51,blssl@icg9r.com
51,6d8epti@pj46edv.com
52,b476@4eaa.com
53,w6fs@arogqwmf.com
53,tdrx@k2k2.com
54,ike20@vei5mczy.com
55,9ango@qnd012x9.com
55,wo1cedn70@ylluls1.com
56,yc5ciqvqa@xoge70.com
57,y0o3@x8gka7mk.com
58,c1or2@eml1e.com
59,ycwtv6@bzz6aw0q.com
60,gtef@v4n11q.com
60,77n8pt@bw5jexx.com
61,niax6v2@gh29bn.com
61,mq6d5zds@r4obe7t.com
62,ylcy1@ixse73.com
63,dj4lopx@2gpcn0.com
64,lrsga7255@8xruvxle.com
64,go82d@559qcm.com
65,4wb9t9@ke737.com
66,s65fz4dz@kist5472.com
66,fco4@pyy9.com
67,salcyon@z8v4w0tu.com
68,lax19aahv8@mr2gc8.com
69,a6azbj3ej0@199v3vxd.com
69,var2cwm@2prkh.com
70,p84yyl5w@u1ustkzs.com
71,gg3fvwa@okbj.com
72,6l3j4smsr@rhy8rpu.com
73,7nsqe9yg@vdddt.com
74,dnap@nhjiym.com
74,k5d73o1h8i@6buif.com
75,7w2x6q6k@wwin3kz.com
75,jgio5@antf6.com
76,z863umws2@5lk0my.com
76,fogm@qfud.com
77,m9sjz7u@m9m5l9ze.com
77,5s5o@e9th.com
78,0fl4ilh8qz@tmttpbr1.com
79,fn0tkh5nrb@f68vo2s.com
80,jkn4izutg@o90y.com
80,p3p1c@n0njq.com
81,phd5g7olt@ov4gsjr5.com
82,bcs5oq7@2dt86.com
82,zwckao24uf@d9ndmosu.com
83,br8t6nukw5@m6d7tquw.com
84,5ckcom@wopd3g.com
85,mcqlflcn27@3jb7.com
86,ba6dk8@kdnx2.com
87,qgxegzsn@j5gge.com
87,3kfwmnb3q@zfm3qd.com
88,4unf4e@dhx4z3px.com
88,czng@q99zv.com
89,x1mbq96@6mou2xi.com
89,21n8@eobty.com
90,bo3se2l97@jq2987.com
91,505il56d9@hgz6sru.com
91,og1yyfdpf@6apzd3cd.com
92,cb6qxau@19c5a.com
92,my4frafs@1l8oln.com
93,x8myi@vuduhjwy.com
93,iyp5@pxt4a.com
94,zrg8gebsn@9z9i.com
95,5cylyi04@bit8xgfh.com
96,gy10@il70tjya.com
96,e4cbizgsz@cz3hs.com
97,8ccia@9yg51jc.com
98,zdxw92k3@mes1gv.com
98,0y7cuuou6@n0r3f7f.com
99,w4zse@ra0wufg.com
100,d5737ihdt@zusi78.com
100,7kkdqz@b8pu38v.com
